{
  "congestion": {
    "model_type": "RandomForest",
    "mse": 0.15666185612632588,
    "mae": 0.26397500960816983,
    "r2_score": 0.9996342236540129,
    "accuracy_percentage": 95
  },
  "emission": {
    "model_type": "RandomForest",
    "mse": 616226.5178918283,
    "mae": 520.5605716181507,
    "r2_score": 0.9436771229874376,
    "accuracy_percentage": 94.36771229874375
  }
}